"End of Period","Credit Number","Region","Country / Economy Code","Country / Economy","Borrower","Credit Status","Service Charge Rate","Currency of Commitment","Project ID"
2024-09-30,"IDA01010","EASTERN AND SOUTHERN AFRICA","UG","Uganda","Ministry of Finance, Planning & Eco. Dev","Fully Repaid",0.75,"USD","P002895"
2024-09-30,"IDA01080","EASTERN AND SOUTHERN AFRICA","UG","Uganda","Ministry of Finance, Planning & Eco. Dev","Fully Repaid",0.75,"USD","P002897"
2024-09-30,"IDA01090","EASTERN AND SOUTHERN AFRICA","UG","Uganda","Ministry of Finance, Planning & Eco. Dev","Fully Repaid",0.75,"USD","P002896"
2024-09-30,"IDA01300","EASTERN AND SOUTHERN AFRICA","UG","Uganda","Ministry of Finance, Planning & Eco. Dev","Fully Repaid",0.75,"USD","P002898"
2024-09-30,"IDA01640","EASTERN AND SOUTHERN AFRICA","UG","Uganda","Ministry of Finance, Planning & Eco. Dev","Fully Repaid",0.75,"USD","P002899"
2024-09-30,"IDA02120","EASTERN AND SOUTHERN AFRICA","UG","Uganda","Ministry of Finance, Planning & Eco. Dev","Fully Repaid",0.75,"USD","P002900"
2024-09-30,"IDA02580","EASTERN AND SOUTHERN AFRICA","UG","Uganda","Ministry of Finance, Planning & Eco. Dev","Fully Repaid",0.75,"USD","P002901"
2024-09-30,"IDA09830","EASTERN AND SOUTHERN AFRICA","UG","Uganda","Ministry of Finance, Planning & Eco. Dev","Fully Repaid",0.75,"USD","P002902"
2024-09-30,"IDA10770","EASTERN AND SOUTHERN AFRICA","UG","Uganda","Ministry of Finance, Planning & Eco. Dev","Fully Repaid",0.75,"XDR","P002904"
2024-09-30,"IDA11100","EASTERN AND SOUTHERN AFRICA","UG","Uganda","Ministry of Finance, Planning & Eco. Dev","Fully Repaid",0.75,"XDR","P002903"
2024-09-30,"IDA12280","EASTERN AND SOUTHERN AFRICA","UG","Uganda","Ministry of Finance, Planning & Eco. Dev","Fully Repaid",0.75,"XDR","P002906"
2024-09-30,"IDA12480","EASTERN AND SOUTHERN AFRICA","UG","Uganda","Ministry of Finance, Planning & Eco. Dev","Fully Repaid",0.75,"XDR","P002905"
2024-09-30,"IDA12520","EASTERN AND SOUTHERN AFRICA","UG","Uganda","Ministry of Finance, Planning & Eco. Dev","Fully Repaid",0.75,"XDR","P002907"
2024-09-30,"IDA13280","EASTERN AND SOUTHERN AFRICA","UG","Uganda","Ministry of Finance, Planning & Eco. Dev","Fully Repaid",0.75,"XDR","P002908"
2024-09-30,"IDA13290","EASTERN AND SOUTHERN AFRICA","UG","Uganda","Ministry of Finance, Planning & Eco. Dev","Fully Repaid",0.75,"XDR","P002910"
2024-09-30,"IDA13670","EASTERN AND SOUTHERN AFRICA","UG","Uganda","Ministry of Finance, Planning & Eco. Dev","Fully Repaid",0.75,"XDR","P002909"
2024-09-30,"IDA14340","EASTERN AND SOUTHERN AFRICA","UG","Uganda","Ministry of Finance, Planning & Eco. Dev","Fully Repaid",0.75,"XDR","P002913"
2024-09-30,"IDA14450","EASTERN AND SOUTHERN AFRICA","UG","Uganda","Ministry of Finance, Planning & Eco. Dev","Fully Repaid",0.75,"XDR","P002912"
2024-09-30,"IDA14740","EASTERN AND SOUTHERN AFRICA","UG","Uganda","Ministry of Finance, Planning & Eco. Dev","Fully Repaid",0.75,"XDR","P002911"
2024-09-30,"IDA15100","EASTERN AND SOUTHERN AFRICA","UG","Uganda","Ministry of Finance, Planning & Eco. Dev","Fully Repaid",0.75,"XDR","P002918"
2024-09-30,"IDA15390","EASTERN AND SOUTHERN AFRICA","UG","Uganda","Ministry of Finance, Planning & Eco. Dev","Fully Repaid",0.75,"XDR","P002914"
2024-09-30,"IDA15600","EASTERN AND SOUTHERN AFRICA","UG","Uganda","Ministry of Finance, Planning & Eco. Dev","Fully Repaid",0.75,"XDR","P002917"
2024-09-30,"IDA15610","EASTERN AND SOUTHERN AFRICA","UG","Uganda","Ministry of Finance, Planning & Eco. Dev","Fully Repaid",0.75,"XDR","P002915"
2024-09-30,"IDA18030","EASTERN AND SOUTHERN AFRICA","UG","Uganda","Ministry of Finance, Planning & Eco. Dev","Fully Repaid",0.75,"XDR","P002936"
2024-09-30,"IDA18240","EASTERN AND SOUTHERN AFRICA","UG","Uganda","Ministry of Finance, Planning & Eco. Dev","Fully Repaid",0.75,"XDR","P002937"
2024-09-30,"IDA18440","EASTERN AND SOUTHERN AFRICA","UG","Uganda","Ministry of Finance, Planning & Eco. Dev","Fully Repaid",0.75,"XDR","P002939"
2024-09-30,"IDA18441","EASTERN AND SOUTHERN AFRICA","UG","Uganda","Ministry of Finance, Planning & Eco. Dev","Fully Repaid",0.75,"XDR","P002939"
2024-09-30,"IDA18442","EASTERN AND SOUTHERN AFRICA","UG","Uganda","Ministry of Finance, Planning & Eco. Dev","Fully Repaid",0.75,"XDR","P002939"
2024-09-30,"IDA18443","EASTERN AND SOUTHERN AFRICA","UG","Uganda","Ministry of Finance, Planning & Eco. Dev","Fully Repaid",0.75,"XDR","P002939"
2024-09-30,"IDA18690","EASTERN AND SOUTHERN AFRICA","UG","Uganda","Ministry of Finance, Planning & Eco. Dev","Fully Repaid",0.75,"XDR","P002948"
2024-09-30,"IDA18930","EASTERN AND SOUTHERN AFRICA","UG","Uganda","Ministry of Finance, Planning & Eco. Dev","Fully Repaid",0.75,"XDR","P002921"
2024-09-30,"IDA19340","EASTERN AND SOUTHERN AFRICA","UG","Uganda","Ministry of Finance, Planning & Eco. Dev","Fully Repaid",0.75,"XDR","P002950"
2024-09-30,"IDA19510","EASTERN AND SOUTHERN AFRICA","UG","Uganda","Ministry of Finance, Planning & Eco. Dev","Fully Repaid",0.75,"XDR","P002945"
2024-09-30,"IDA19620","EASTERN AND SOUTHERN AFRICA","UG","Uganda","Ministry of Finance, Planning & Eco. Dev","Fully Repaid",0.75,"XDR","P002954"
2024-09-30,"IDA19650","EASTERN AND SOUTHERN AFRICA","UG","Uganda","Ministry of Finance, Planning & Eco. Dev","Fully Repaid",0.75,"XDR","P002931"
2024-09-30,"IDA19860","EASTERN AND SOUTHERN AFRICA","UG","Uganda","Ministry of Finance, Planning & Eco. Dev","Fully Repaid",0.75,"XDR","P002961"
2024-09-30,"IDA19910","EASTERN AND SOUTHERN AFRICA","UG","Uganda","Ministry of Finance, Planning & Eco. Dev","Fully Repaid",0.75,"XDR","P002920"
2024-09-30,"IDA20870","EASTERN AND SOUTHERN AFRICA","UG","Uganda","Ministry of Finance, Planning & Eco. Dev","Fully Repaid",0.75,"XDR","P002949"
2024-09-30,"IDA20871","EASTERN AND SOUTHERN AFRICA","UG","Uganda","Ministry of Finance, Planning & Eco. Dev","Fully Repaid",0.75,"XDR","P002949"
2024-09-30,"IDA20872","EASTERN AND SOUTHERN AFRICA","UG","Uganda","Ministry of Finance, Planning & Eco. Dev","Fully Repaid",0.75,"XDR","P002949"
2024-09-30,"IDA20880","EASTERN AND SOUTHERN AFRICA","UG","Uganda","Ministry of Finance, Planning & Eco. Dev","Fully Repaid",0.75,"XDR","P002966"
2024-09-30,"IDA21240","EASTERN AND SOUTHERN AFRICA","UG","Uganda","Ministry of Finance, Planning & Eco. Dev","Fully Repaid",0.75,"XDR","P002969"
2024-09-30,"IDA21760","EASTERN AND SOUTHERN AFRICA","UG","Uganda","Ministry of Finance, Planning & Eco. Dev","Fully Repaid",0.75,"XDR","P002930"
2024-09-30,"IDA21900","EASTERN AND SOUTHERN AFRICA","UG","Uganda","Ministry of Finance, Planning & Eco. Dev","Fully Repaid",0.75,"XDR","P002960"
2024-09-30,"IDA22060","EASTERN AND SOUTHERN AFRICA","UG","Uganda","Ministry of Finance, Planning & Eco. Dev","Fully Repaid",0.75,"XDR","P002933"
2024-09-30,"IDA22680","EASTERN AND SOUTHERN AFRICA","UG","Uganda","Ministry of Finance, Planning & Eco. Dev","Fully Repaid",0.75,"XDR","P002929"
2024-09-30,"IDA22681","EASTERN AND SOUTHERN AFRICA","UG","Uganda","Ministry of Finance, Planning & Eco. Dev","Fully Repaid",0.75,"XDR","P002929"
2024-09-30,"IDA23140","EASTERN AND SOUTHERN AFRICA","UG","Uganda","Ministry of Finance, Planning & Eco. Dev","Fully Repaid",0.75,"XDR","P002947"
2024-09-30,"IDA23141","EASTERN AND SOUTHERN AFRICA","UG","Uganda","Ministry of Finance, Planning & Eco. Dev","Fully Repaid",0.75,"XDR","P002947"
2024-09-30,"IDA23150","EASTERN AND SOUTHERN AFRICA","UG","Uganda","Ministry of Finance, Planning & Eco. Dev","Fully Repaid",0.75,"XDR","P002968"
2024-09-30,"IDA23620","EASTERN AND SOUTHERN AFRICA","UG","Uganda","Ministry of Finance, Planning & Eco. Dev","Fully Repaid",0.75,"XDR","P002981"
2024-09-30,"IDA24180","EASTERN AND SOUTHERN AFRICA","UG","Uganda","Ministry of Finance, Planning & Eco. Dev","Fully Repaid",0.75,"XDR","P002975"
2024-09-30,"IDA24240","EASTERN AND SOUTHERN AFRICA","UG","Uganda","Ministry of Finance, Planning & Eco. Dev","Fully Repaid",0.75,"XDR","P002991"
2024-09-30,"IDA24460","EASTERN AND SOUTHERN AFRICA","UG","Uganda","Ministry of Finance, Planning & Eco. Dev","Fully Repaid",0.75,"XDR","P002938"
2024-09-30,"IDA24930","EASTERN AND SOUTHERN AFRICA","UG","Uganda","Ministry of Finance, Planning & Eco. Dev","Fully Repaid",0.75,"XDR","P002953"
2024-09-30,"IDA24960","EASTERN AND SOUTHERN AFRICA","UG","Uganda","Ministry of Finance, Planning & Eco. Dev","Fully Repaid",0.75,"XDR","P002962"
2024-09-30,"IDA24961","EASTERN AND SOUTHERN AFRICA","UG","Uganda","Ministry of Finance, Planning & Eco. Dev","Fully Repaid",0.75,"XDR","P002962"
2024-09-30,"IDA25830","EASTERN AND SOUTHERN AFRICA","UG","Uganda","Ministry of Finance, Planning & Eco. Dev","Fully Repaid",0.75,"XDR","P002957"
2024-09-30,"IDA25870","EASTERN AND SOUTHERN AFRICA","UG","Uganda","Ministry of Finance, Planning & Eco. Dev","Fully Repaid",0.75,"XDR","P002923"
2024-09-30,"IDA26030","EASTERN AND SOUTHERN AFRICA","UG","Uganda","Ministry of Finance, Planning & Eco. Dev","Fully Repaid",0.75,"XDR","P002963"
2024-09-30,"IDA26080","EASTERN AND SOUTHERN AFRICA","UG","Uganda","Ministry of Finance, Planning & Eco. Dev","Fully Repaid",0.75,"XDR","P002967"
2024-09-30,"IDA26081","EASTERN AND SOUTHERN AFRICA","UG","Uganda","Ministry of Finance, Planning & Eco. Dev","Fully Repaid",0.75,"XDR","P002967"
2024-09-30,"IDA26090","EASTERN AND SOUTHERN AFRICA","UG","Uganda","Ministry of Finance, Planning & Eco. Dev","Fully Repaid",0.75,"XDR","P002977"
2024-09-30,"IDA26790","EASTERN AND SOUTHERN AFRICA","UG","Uganda","Ministry of Finance, Planning & Eco. Dev","Fully Repaid",0.75,"XDR","P002971"
2024-09-30,"IDA27360","EASTERN AND SOUTHERN AFRICA","UG","Uganda","Ministry of Finance, Planning & Eco. Dev","Fully Repaid",0.75,"XDR","P002976"
2024-09-30,"IDA27770","EASTERN AND SOUTHERN AFRICA","UG","Uganda","Ministry of Finance, Planning & Eco. Dev","Fully Repaid",0.75,"XDR","P002978"
2024-09-30,"IDA27980","EASTERN AND SOUTHERN AFRICA","UG","Uganda","Ministry of Finance, Planning & Eco. Dev","Fully Repaid",0.75,"XDR","P035634"
2024-09-30,"IDA28450","EASTERN AND SOUTHERN AFRICA","UG","Uganda","Ministry of Finance, Planning & Eco. Dev","Fully Cancelled",0.75,"XDR","P037582"
2024-09-30,"IDA29090","EASTERN AND SOUTHERN AFRICA","UG","Uganda","Ministry of Finance, Planning & Eco. Dev","Fully Cancelled",0.75,"XDR","P046836"
2024-09-30,"IDA29091","EASTERN AND SOUTHERN AFRICA","UG","Uganda","Ministry of Finance, Planning & Eco. Dev","Repaying",0.75,"XDR","P046836"
2024-09-30,"IDA2909A","EASTERN AND SOUTHERN AFRICA","UG","Uganda","Ministry of Finance, Planning & Eco. Dev","Fully Repaid",0.75,"XDR","P046836"
2024-09-30,"IDA29870","EASTERN AND SOUTHERN AFRICA","UG","Uganda","Ministry of Finance, Planning & Eco. Dev","Repaying",0.75,"XDR","P049543"
2024-09-30,"IDA2987A","EASTERN AND SOUTHERN AFRICA","UG","Uganda","Ministry of Finance, Planning & Eco. Dev","Fully Repaid",0.75,"XDR","P049543"
2024-09-30,"IDA30490","EASTERN AND SOUTHERN AFRICA","UG","Uganda","Ministry of Finance, Planning & Eco. Dev","Fully Repaid",0.75,"XDR","P002972"
2024-09-30,"IDA30520","EASTERN AND SOUTHERN AFRICA","UG","Uganda","Ministry of Finance, Planning & Eco. Dev","Repaying",0.75,"XDR","P040551"
2024-09-30,"IDA3052A","EASTERN AND SOUTHERN AFRICA","UG","Uganda","Ministry of Finance, Planning & Eco. Dev","Fully Repaid",0.75,"XDR","P040551"
2024-09-30,"IDA30640","EASTERN AND SOUTHERN AFRICA","UG","Uganda","Ministry of Finance, Planning & Eco. Dev","Repaying",0.75,"XDR","P057007"
2024-09-30,"IDA3064A","EASTERN AND SOUTHERN AFRICA","UG","Uganda","Ministry of Finance, Planning & Eco. Dev","Fully Repaid",0.75,"XDR","P057007"
2024-09-30,"IDA31150","EASTERN AND SOUTHERN AFRICA","UG","Uganda","Ministry of Finance, Planning & Eco. Dev","Fully Repaid",0.75,"XDR","P002941"
2024-09-30,"IDA32030","EASTERN AND SOUTHERN AFRICA","UG","Uganda","Ministry of Finance, Planning & Eco. Dev","Repaying",0.75,"XDR","P059223"
2024-09-30,"IDA3203A","EASTERN AND SOUTHERN AFRICA","UG","Uganda","Ministry of Finance, Planning & Eco. Dev","Fully Repaid",0.75,"XDR","P059223"
2024-09-30,"IDA32040","EASTERN AND SOUTHERN AFRICA","UG","Uganda","Ministry of Finance, Planning & Eco. Dev","Repaying",0.75,"XDR","P059127"
2024-09-30,"IDA32041","EASTERN AND SOUTHERN AFRICA","UG","Uganda","Ministry of Finance, Planning & Eco. Dev","Repaying",0.75,"XDR","P059127"
2024-09-30,"IDA3204A","EASTERN AND SOUTHERN AFRICA","UG","Uganda","Ministry of Finance, Planning & Eco. Dev","Fully Repaid",0.75,"XDR","P059127"
2024-09-30,"IDA32270","EASTERN AND SOUTHERN AFRICA","UG","Uganda","Ministry of Finance, Planning & Eco. Dev","Fully Cancelled",0.75,"XDR","P044213"
2024-09-30,"IDA32670","EASTERN AND SOUTHERN AFRICA","UG","Uganda","Ministry of Finance, Planning & Eco. Dev","Repaying",0.75,"XDR","P002970"
2024-09-30,"IDA3267A","EASTERN AND SOUTHERN AFRICA","UG","Uganda","Ministry of Finance, Planning & Eco. Dev","Fully Repaid",0.75,"XDR","P002970"
2024-09-30,"IDA32950","EASTERN AND SOUTHERN AFRICA","UG","Uganda","Ministry of Finance, Planning & Eco. Dev","Repaying",0.75,"XDR","P002992"
2024-09-30,"IDA3295A","EASTERN AND SOUTHERN AFRICA","UG","Uganda","Ministry of Finance, Planning & Eco. Dev","Fully Repaid",0.75,"XDR","P002992"
2024-09-30,"IDA32970","EASTERN AND SOUTHERN AFRICA","UG","Uganda","Ministry of Finance, Planning & Eco. Dev","Repaying",0.75,"XDR","P044679"
2024-09-30,"IDA32971","EASTERN AND SOUTHERN AFRICA","UG","Uganda","Ministry of Finance, Planning & Eco. Dev","Repaying",0.75,"XDR","P044679"
2024-09-30,"IDA3297A","EASTERN AND SOUTHERN AFRICA","UG","Uganda","Ministry of Finance, Planning & Eco. Dev","Fully Repaid",0.75,"XDR","P044679"
2024-09-30,"IDA34110","EASTERN AND SOUTHERN AFRICA","UG","Uganda","Ministry of Finance, Planning & Eco. Dev","Repaying",0.75,"XDR","P050439"
2024-09-30,"IDA3411A","EASTERN AND SOUTHERN AFRICA","UG","Uganda","Ministry of Finance, Planning & Eco. Dev","Fully Repaid",0.75,"XDR","P050439"
2024-09-30,"IDA34590","EASTERN AND SOUTHERN AFRICA","UG","Uganda","Ministry of Finance, Planning & Eco. Dev","Repaying",0.75,"XDR","P072482"
2024-09-30,"IDA3459A","EASTERN AND SOUTHERN AFRICA","UG","Uganda","Ministry of Finance, Planning & Eco. Dev","Fully Repaid",0.75,"XDR","P072482"
2024-09-30,"IDA34630","EASTERN AND SOUTHERN AFRICA","UG","Uganda","Ministry of Finance, Planning & Eco. Dev","Repaying",0.75,"XDR","P044695"
2024-09-30,"IDA3463A","EASTERN AND SOUTHERN AFRICA","UG","Uganda","Ministry of Finance, Planning & Eco. Dev","Fully Repaid",0.75,"XDR","P044695"
2024-09-30,"IDA34770","EASTERN AND SOUTHERN AFRICA","UG","Uganda","Ministry of Finance, Planning & Eco. Dev","Repaying",0.75,"XDR","P073089"
2024-09-30,"IDA3477A","EASTERN AND SOUTHERN AFRICA","UG","Uganda","Ministry of Finance, Planning & Eco. Dev","Fully Repaid",0.75,"XDR","P073089"
2024-09-30,"IDA34890","EASTERN AND SOUTHERN AFRICA","UG","Uganda","Ministry of Finance, Planning & Eco. Dev","Repaying",0.75,"XDR","P070627"
2024-09-30,"IDA3489A","EASTERN AND SOUTHERN AFRICA","UG","Uganda","Ministry of Finance, Planning & Eco. Dev","Fully Repaid",0.75,"XDR","P070627"
2024-09-30,"IDA35100","EASTERN AND SOUTHERN AFRICA","UG","Uganda","Ministry of Finance, Planning & Eco. Dev","Fully Repaid",0.75,"XDR","P050438"
2024-09-30,"IDA35440","EASTERN AND SOUTHERN AFRICA","UG","Uganda","Ministry of Finance, Planning & Eco. Dev","Repaying",0.75,"XDR","P065436"
2024-09-30,"IDA3544A","EASTERN AND SOUTHERN AFRICA","UG","Uganda","Ministry of Finance, Planning & Eco. Dev","Fully Repaid",0.75,"XDR","P065436"
2024-09-30,"IDA35450","EASTERN AND SOUTHERN AFRICA","UG","Uganda","Ministry of Finance, Planning & Eco. Dev","Repaying",0.75,"XDR","P002984"
2024-09-30,"IDA3545A","EASTERN AND SOUTHERN AFRICA","UG","Uganda","Ministry of Finance, Planning & Eco. Dev","Fully Repaid",0.75,"XDR","P002984"
2024-09-30,"IDA35880","EASTERN AND SOUTHERN AFRICA","UG","Uganda","Ministry of Finance, Planning & Eco. Dev","Repaying",0.75,"XDR","P069996"
2024-09-30,"IDA3588A","EASTERN AND SOUTHERN AFRICA","UG","Uganda","Ministry of Finance, Planning & Eco. Dev","Fully Repaid",0.75,"XDR","P069996"
2024-09-30,"IDA36240","EASTERN AND SOUTHERN AFRICA","UG","Uganda","Ministry of Finance, Planning & Eco. Dev","Repaying",0.75,"XDR","P074078"
2024-09-30,"IDA3624A","EASTERN AND SOUTHERN AFRICA","UG","Uganda","Ministry of Finance, Planning & Eco. Dev","Fully Repaid",0.75,"XDR","P074078"
2024-09-30,"IDA36900","EASTERN AND SOUTHERN AFRICA","UG","Uganda","Ministry of Finance, Planning & Eco. Dev","Repaying",0.75,"XDR","P065437"
2024-09-30,"IDA3690A","EASTERN AND SOUTHERN AFRICA","UG","Uganda","Ministry of Finance, Planning & Eco. Dev","Fully Repaid",0.75,"XDR","P065437"
2024-09-30,"IDA36960","EASTERN AND SOUTHERN AFRICA","UG","Uganda","Ministry of Finance, Planning & Eco. Dev","Fully Repaid",0.75,"XDR","P073671"
2024-09-30,"IDA36970","EASTERN AND SOUTHERN AFRICA","UG","Uganda","Ministry of Finance, Planning & Eco. Dev","Repaying",0.75,"XDR","P002952"
2024-09-30,"IDA3697A","EASTERN AND SOUTHERN AFRICA","UG","Uganda","Ministry of Finance, Planning & Eco. Dev","Fully Repaid",0.75,"XDR","P002952"
2024-09-30,"IDA37730","EASTERN AND SOUTHERN AFRICA","UG","Uganda","Ministry of Finance, Planning & Eco. Dev","Repaying",0.75,"XDR","P077477"
2024-09-30,"IDA3773A","EASTERN AND SOUTHERN AFRICA","UG","Uganda","Ministry of Finance, Planning & Eco. Dev","Fully Repaid",0.75,"XDR","P077477"
2024-09-30,"IDA38350","EASTERN AND SOUTHERN AFRICA","UG","Uganda","Ministry of Finance, Planning & Eco. Dev","Repaying",0.75,"XDR","P079925"
2024-09-30,"IDA39750","EASTERN AND SOUTHERN AFRICA","UG","Uganda","Ministry of Finance, Planning & Eco. Dev","Repaying",0.75,"XDR","P083809"
2024-09-30,"IDA39760","EASTERN AND SOUTHERN AFRICA","UG","Uganda","Ministry of Finance, Planning & Eco. Dev","Repaying",0.75,"XDR","P074079"
2024-09-30,"IDA41420","EASTERN AND SOUTHERN AFRICA","UG","Uganda","Ministry of Finance, Planning & Eco. Dev","Repaying",0.75,"XDR","P090881"
2024-09-30,"IDA41470","EASTERN AND SOUTHERN AFRICA","UG","Uganda","Ministry of Finance, Planning & Eco. Dev","Repaying",0.75,"XDR","P079734"
2024-09-30,"IDA41740","EASTERN AND SOUTHERN AFRICA","UG","Uganda","Ministry of Finance, Planning & Eco. Dev","Repaying",0.75,"XDR","P086513"
2024-09-30,"IDA41990","EASTERN AND SOUTHERN AFRICA","UG","Uganda","Ministry of Finance, Planning & Eco. Dev","Repaying",0.75,"XDR","P050440"
2024-09-30,"IDA42960","EASTERN AND SOUTHERN AFRICA","UG","Uganda","Ministry of Finance, Planning & Eco. Dev","Repaying",0.75,"XDR","P090219"
2024-09-30,"IDA42970","EASTERN AND SOUTHERN AFRICA","UG","Uganda","Ministry of Finance, Planning & Eco. Dev","Repaying",0.75,"XDR","P069208"
2024-09-30,"IDA43670","EASTERN AND SOUTHERN AFRICA","UG","Uganda","Ministry of Finance, Planning & Eco. Dev","Repaying",0.75,"XDR","P078382"
2024-09-30,"IDA43720","EASTERN AND SOUTHERN AFRICA","UG","Uganda","Ministry of Finance, Planning & Eco. Dev","Repaying",0.75,"XDR","P090867"
2024-09-30,"IDA44310","EASTERN AND SOUTHERN AFRICA","UG","Uganda","Ministry of Finance, Planning & Eco. Dev","Repaying",0.75,"XDR","P101231"
2024-09-30,"IDA44820","EASTERN AND SOUTHERN AFRICA","UG","Uganda","Ministry of Finance, Planning & Eco. Dev","Repaying",0.75,"XDR","P110207"
2024-09-30,"IDA45040","EASTERN AND SOUTHERN AFRICA","UG","Uganda","Ministry of Finance, Planning & Eco. Dev","Repaying",0.75,"XDR","P073089"
2024-09-30,"IDA45170","EASTERN AND SOUTHERN AFRICA","UG","Uganda","Ministry of Finance, Planning & Eco. Dev","Repaying",0.75,"XDR","P079925"
2024-09-30,"IDA45310","EASTERN AND SOUTHERN AFRICA","UG","Uganda","Ministry of Finance, Planning & Eco. Dev","Repaying",0.75,"XDR","P100406"
2024-09-30,"IDA45540","EASTERN AND SOUTHERN AFRICA","UG","Uganda","Ministry of Finance, Planning & Eco. Dev","Repaying",0.75,"XDR","P112334"
2024-09-30,"IDA45700","EASTERN AND SOUTHERN AFRICA","UG","Uganda","Ministry of Finance, Planning & Eco. Dev","Repaying",0.75,"XDR","P110803"
2024-09-30,"IDA46260","EASTERN AND SOUTHERN AFRICA","UG","Uganda","Ministry of Finance, Planning & Eco. Dev","Repaying",0.75,"XDR","P111633"
2024-09-30,"IDA46720","EASTERN AND SOUTHERN AFRICA","UG","Uganda","Ministry of Finance, Planning & Eco. Dev","Repaying",0.75,"XDR","P112688"
2024-09-30,"IDA46790","EASTERN AND SOUTHERN AFRICA","UG","Uganda","Ministry of Finance, Planning & Eco. Dev","Repaying",0.75,"XDR","P092837"
2024-09-30,"IDA47330","EASTERN AND SOUTHERN AFRICA","UG","Uganda","Ministry of Finance, Planning & Eco. Dev","Repaying",0.75,"XDR","P111556"
2024-09-30,"IDA47420","EASTERN AND SOUTHERN AFRICA","UG","Uganda","Ministry of Finance, Planning & Eco. Dev","Repaying",0.75,"XDR","P115563"
2024-09-30,"IDA47690","EASTERN AND SOUTHERN AFRICA","UG","Uganda","Ministry of Finance, Planning & Eco. Dev","Repaying",0.75,"XDR","P109224"
2024-09-30,"IDA48140","EASTERN AND SOUTHERN AFRICA","UG","Uganda","Ministry of Finance, Planning & Eco. Dev","Repaying",0.75,"XDR","P101232"
2024-09-30,"IDA49490","EASTERN AND SOUTHERN AFRICA","UG","Uganda","Ministry of Finance, Planning & Eco. Dev","Fully Cancelled",0.75,"XDR","P092837"
2024-09-30,"IDA49880","EASTERN AND SOUTHERN AFRICA","UG","Uganda","Ministry of Finance, Planning & Eco. Dev","Repaying",0.75,"XDR","P119737"
2024-09-30,"IDA49890","EASTERN AND SOUTHERN AFRICA","UG","Uganda","Ministry of Finance, Planning & Eco. Dev","Repaying",0.75,"XDR","P117979"
2024-09-30,"IDA50610","EASTERN AND SOUTHERN AFRICA","UG","Uganda","Ministry of Finance, Planning & Eco. Dev","Repaying",0.75,"XDR","P097325"
2024-09-30,"IDA51270","EASTERN AND SOUTHERN AFRICA","UG","Uganda","Ministry of Finance, Planning & Eco. Dev","Repaying",0.75,"XDR","P123204"
2024-09-30,"IDA52230","EASTERN AND SOUTHERN AFRICA","UG","Uganda","Ministry of Finance, Planning & Eco. Dev","Disbursing&Repaying",0.75,"XDR","P117876"
2024-09-30,"IDA52340","EASTERN AND SOUTHERN AFRICA","UG","Uganda","Ministry of Finance, Planning & Eco. Dev","Repaying",0.75,"XDR","P112334"
2024-09-30,"IDA52690","EASTERN AND SOUTHERN AFRICA","UG","Uganda","Ministry of Finance, Planning & Eco. Dev","Repaying",0.75,"XDR","P130471"
2024-09-30,"IDA53840","EASTERN AND SOUTHERN AFRICA","UG","Uganda","Ministry of Finance, Planning & Eco. Dev","Disbursing&Repaying",0.75,"XDR","P133590"
2024-09-30,"IDA53850","EASTERN AND SOUTHERN AFRICA","UG","Uganda","Ministry of Finance, Planning & Eco. Dev","Repaying",0.75,"XDR","P129408"
2024-09-30,"IDA54060","EASTERN AND SOUTHERN AFRICA","UG","Uganda","Ministry of Finance, Planning & Eco. Dev","Repaying",0.75,"XDR","P145101"
2024-09-30,"IDA54340","EASTERN AND SOUTHERN AFRICA","UG","Uganda","Ministry of Finance, Planning & Eco. Dev","Disbursing&Repaying",0.75,"XDR","P125590"
2024-09-30,"IDA56110","EASTERN AND SOUTHERN AFRICA","UG","Uganda","Ministry of Finance, Planning & Eco. Dev","Disbursing&Repaying",0.75,"XDR","P145037"
2024-09-30,"IDA56120","EASTERN AND SOUTHERN AFRICA","UG","Uganda","Ministry of Finance, Planning & Eco. Dev","Repaying",0.75,"XDR","P145309"
2024-09-30,"IDA56150","EASTERN AND SOUTHERN AFRICA","UG","Uganda","Ministry of Finance, Planning & Eco. Dev","Repaying",0.75,"XDR","P111556"
2024-09-30,"IDA56350","EASTERN AND SOUTHERN AFRICA","UG","Uganda","Ministry of Finance, Planning & Eco. Dev","Repaying",0.75,"XDR","P130871"
2024-09-30,"IDA56450","EASTERN AND SOUTHERN AFRICA","UG","Uganda","Ministry of Finance, Planning & Eco. Dev","Repaying",0.75,"XDR","P149965"
2024-09-30,"IDA56530","EASTERN AND SOUTHERN AFRICA","UG","Uganda","Ministry of Finance, Planning & Eco. Dev","Repaying",0.75,"XDR","P133312"
2024-09-30,"IDA57220","EASTERN AND SOUTHERN AFRICA","UG","Uganda","Ministry of Finance, Planning & Eco. Dev","Repaying",0.75,"XDR","P151083"
2024-09-30,"IDA57970","EASTERN AND SOUTHERN AFRICA","UG","Uganda","Ministry of Finance, Planning & Eco. Dev","Repaying",0.75,"XDR","P151847"
2024-09-30,"IDA58080","EASTERN AND SOUTHERN AFRICA","UG","Uganda","Ministry of Finance, Planning & Eco. Dev","Disbursing&Repaying",0.75,"XDR","P133305"
2024-09-30,"IDA58210","EASTERN AND SOUTHERN AFRICA","UG","Uganda","Ministry of Finance, Planning & Eco. Dev","Repaying",0.75,"XDR","P152822"
2024-09-30,"IDA58970","EASTERN AND SOUTHERN AFRICA","UG","Uganda","Ministry of Finance, Planning & Eco. Dev","Disbursing&Repaying",0.75,"XDR","P155186"
2024-09-30,"IDA61030","EASTERN AND SOUTHERN AFRICA","UG","Uganda","Ministry of Finance, Planning & Eco. Dev","Terminated",NA,"XDR","P160447"
2024-09-30,"IDA61040","EASTERN AND SOUTHERN AFRICA","UG","Uganda","Ministry of Finance, Planning & Eco. Dev","Disbursing&Repaying",0.75,"XDR","P160250"
2024-09-30,"IDA62330","EASTERN AND SOUTHERN AFRICA","UG","Uganda","Ministry of Finance, Planning & Eco. Dev","Disbursing&Repaying",0.75,"XDR","P117876"
2024-09-30,"IDA62760","EASTERN AND SOUTHERN AFRICA","UG","Uganda","Ministry of Finance, Planning & Eco. Dev","Disbursing&Repaying",0.75,"XDR","P163782"
2024-09-30,"IDA65380","EASTERN AND SOUTHERN AFRICA","UG","Uganda","Ministry of Finance, Planning & Eco. Dev","Disbursing",0.75,"XDR","P130471"
2024-09-30,"IDA65650","EASTERN AND SOUTHERN AFRICA","UG","Uganda","Ministry of Finance, Planning & Eco. Dev","Disbursing",0.75,"XDR","P163836"
2024-09-30,"IDA65920","EASTERN AND SOUTHERN AFRICA","UG","Uganda","Ministry of Finance, Planning & Eco. Dev","Disbursing",0.75,"XDR","P170466"
2024-09-30,"IDA66540","EASTERN AND SOUTHERN AFRICA","UG","Uganda","Ministry of Finance, Planning & Eco. Dev","Terminated",NA,"XDR","P173702"
2024-09-30,"IDA67360","EASTERN AND SOUTHERN AFRICA","UG","Uganda","Ministry of Finance, Planning & Eco. Dev","Fully Disbursed",0.75,"XDR","P173906"
2024-09-30,"IDA67540","EASTERN AND SOUTHERN AFRICA","UG","Uganda","Ministry of Finance, Planning & Eco. Dev","Disbursing",0.75,"XDR","P166570"
2024-09-30,"IDA67620","EASTERN AND SOUTHERN AFRICA","UG","Uganda","Ministry of Finance, Planning & Eco. Dev","Disbursing",0.75,"XDR","P174041"
2024-09-30,"IDA67730","EASTERN AND SOUTHERN AFRICA","UG","Uganda","Ministry of Finance, Planning & Eco. Dev","Disbursing",0.75,"XDR","P160250"
2024-09-30,"IDA68000","EASTERN AND SOUTHERN AFRICA","UG","Uganda","Ministry of Finance, Planning & Eco. Dev","Fully Disbursed",0.75,"XDR","P155186"
2024-09-30,"IDA68980","EASTERN AND SOUTHERN AFRICA","UG","Uganda","Ministry of Finance, Planning & Eco. Dev","Disbursing",0.75,"XDR","P171305"
2024-09-30,"IDA70250","EASTERN AND SOUTHERN AFRICA","UG","Uganda","Ministry of Finance, Planning & Eco. Dev","Effective",0.75,"XDR","P171607"
2024-09-30,"IDA70750","EASTERN AND SOUTHERN AFRICA","UG","Uganda","Ministry of Finance, Planning & Eco. Dev","Disbursing",0.75,"XDR","P166685"
2024-09-30,"IDA71200","EASTERN AND SOUTHERN AFRICA","UG","Uganda","Ministry of Finance, Planning & Eco. Dev","Disbursing",0.75,"XDR","P175660"
2024-09-30,"IDA72610","EASTERN AND SOUTHERN AFRICA","UG","Uganda","Ministry of Finance, Planning & Eco. Dev","Effective",0,"USD","P173296"
2024-09-30,"IDAA0340","EASTERN AND SOUTHERN AFRICA","UG","Uganda","Ministry of Finance, Planning & Eco. Dev","Fully Repaid",0.75,"XDR","P002939"
2024-09-30,"IDAA0341","EASTERN AND SOUTHERN AFRICA","UG","Uganda","Ministry of Finance, Planning & Eco. Dev","Fully Repaid",0.75,"XDR","P002939"
2024-09-30,"IDAN0230","EASTERN AND SOUTHERN AFRICA","UG","Uganda","Ministry of Finance, Planning & Eco. Dev","Fully Repaid",0.75,"XDR","P002987"
2024-09-30,"IDAN0231","EASTERN AND SOUTHERN AFRICA","UG","Uganda","Ministry of Finance, Planning & Eco. Dev","Fully Repaid",0.75,"XDR","P002987"
